seq,outcome,csvNo,modelName,storeName,currentStockType,orderStatus,stockId,flowCode,reason,recordedAt
1,SUCCESS,,KK988B-올큐,창아,,STOCK,2123,836995773598671216,,2026-04-28T16:02:23.155415600Z
2,SUCCESS,,KA0962R-L수리,제이제이,,FIX,2124,836995774018104625,,2026-04-28T16:02:23.162416900Z
3,SUCCESS,,KA0962R-S수리,제이제이,,FIX,2125,836995774047465097,,2026-04-28T16:02:23.168416200Z
4,SUCCESS,,JN1618R-L,제이제이,,STOCK,2126,836995774072630365,,2026-04-28T16:02:23.174417500Z
5,SUCCESS,,KM-J719B-L,창아,,STOCK,2127,836995774101991176,,2026-04-28T16:02:23.181416900Z
6,SUCCESS,,JN1497-4-1,위더스골드,,STOCK,2128,836995774127156234,,2026-04-28T16:02:23.187416800Z
7,SUCCESS,,KJ131-3R,대구멋쟁이,,STOCK,2129,836995774152321298,,2026-04-28T16:02:23.192888400Z
8,SUCCESS,,타사네임플렛목걸이수리,로즈비,,FIX,2130,836995774173293759,,2026-04-28T16:02:23.199416900Z
9,SUCCESS,,T7716E수리,로즈비,,FIX,2131,836995774202653556,,2026-04-28T16:02:23.205417Z
10,SUCCESS,,T7716N-L수리,로즈비,,FIX,2132,836995774227817857,,2026-04-28T16:02:23.210417400Z
11,SUCCESS,,T-5028E수리,로즈비,,FIX,2133,836995774248788206,,2026-04-28T16:02:23.217416800Z
12,SUCCESS,,T-5011B수리,로즈비,,FIX,2134,836995774278150714,,2026-04-28T16:02:23.222418200Z
13,SUCCESS,,KN4310B-L,울산신금당,,STOCK,2135,836995774299119852,,2026-04-28T16:02:23.227417Z
14,SUCCESS,,JN1600-2.0,위더스골드,,STOCK,2136,836995774324288911,,2026-04-28T16:02:23.233417300Z
15,SUCCESS,,KJ-세르R-S머꼬큐,칸,,NORMAL,2137,836995774349453962,,2026-04-28T16:02:23.240418300Z
16,SUCCESS,,KM182N-2롱,울산금보당,,STOCK,2138,836995774374617636,,2026-04-28T16:02:23.247416400Z
17,SUCCESS,,JN1497-4-4,칸,,NORMAL,2139,836995774403979133,,2026-04-28T16:02:23.253417100Z
18,SUCCESS,,JN1497-4-4,칸,,NORMAL,2140,836995774433341237,,2026-04-28T16:02:23.262417100Z
19,SUCCESS,,KM-J663B,칸,,NORMAL,2141,836995774466894746,,2026-04-28T16:02:23.269418Z
20,SUCCESS,,JNR1464-3.3,칸,,NORMAL,2142,836995774496252220,,2026-04-28T16:02:23.274416800Z
21,SUCCESS,,FS2120N,칸,,NORMAL,2143,836995774517226746,,2026-04-28T16:02:23.280416500Z
22,SUCCESS,,FS2120B,칸,,NORMAL,2144,836995774542392889,,2026-04-28T16:02:23.286213200Z
23,SUCCESS,,KF035N,칸,,NORMAL,2145,836995774567555597,,2026-04-28T16:02:23.291565Z
24,SUCCESS,,JN412-1,칸,,NORMAL,2146,836995774592722438,,2026-04-28T16:02:23.297772900Z
25,SUCCESS,,KA001R-S,칸,,NORMAL,2147,836995774617887992,,2026-04-28T16:02:23.304246900Z
26,SUCCESS,,KA002R-S,칸,,NORMAL,2148,836995774643054532,,2026-04-28T16:02:23.310076800Z
27,SUCCESS,,KA002R-L,칸,,NORMAL,2149,836995774668220223,,2026-04-28T16:02:23.316710500Z
28,SUCCESS,,KA791-3,칸,,NORMAL,2150,836995774697579421,,2026-04-28T16:02:23.323640200Z
29,SUCCESS,,뱀N-미니,칸,,NORMAL,2151,836995774726940645,,2026-04-28T16:02:23.329878200Z
30,SUCCESS,,순3417-7푼,칸,,NORMAL,2152,836995774747910844,,2026-04-28T16:02:23.335688800Z
31,SUCCESS,,순3415-1돈,칸,,NORMAL,2153,836995774773079678,,2026-04-28T16:02:23.340985600Z
32,SUCCESS,,뱀N-SQ,칸,,NORMAL,2154,836995774798243340,,2026-04-28T16:02:23.347231500Z
33,SUCCESS,,JN1600-3.0,칸,,NORMAL,2155,836995774827605911,,2026-04-28T16:02:23.353791900Z
34,SUCCESS,,JN1600-2.0,칸,,NORMAL,2156,836995774848574973,,2026-04-28T16:02:23.360718700Z
35,SUCCESS,,JN1600-2.5,칸,,NORMAL,2157,836995774882131367,,2026-04-28T16:02:23.366568500Z
36,SUCCESS,,뱀N-미니,칸,,NORMAL,2158,836995774907295671,,2026-04-28T16:02:23.372438100Z
37,SUCCESS,,PK2051R,칸,,NORMAL,2159,836995774928266648,,2026-04-28T16:02:23.378870300Z
38,SUCCESS,,KR316R,칸,,NORMAL,2160,836995774953433735,,2026-04-28T16:02:23.385190400Z
39,SUCCESS,,H4001-3할로우,칸,,NORMAL,2161,836995774982791610,,2026-04-28T16:02:23.393035300Z
40,SUCCESS,,H3001R-65할,칸,,NORMAL,2162,836995775016346438,,2026-04-28T16:02:23.399419200Z
41,SUCCESS,,PM578R회전,칸,,NORMAL,2163,836995775045709489,,2026-04-28T16:02:23.410956200Z
42,SUCCESS,,PM578R회전,칸,,NORMAL,2164,836995775091845247,,2026-04-28T16:02:23.419077100Z
43,SUCCESS,,PM577N-1.0,칸,,NORMAL,2165,836995775125399614,,2026-04-28T16:02:23.428128300Z
44,SUCCESS,,K4-540N,칸,,NORMAL,2166,836995775163147403,,2026-04-28T16:02:23.436126600Z
45,SUCCESS,,K4-540E,칸,,NORMAL,2167,836995775196700790,,2026-04-28T16:02:23.444127400Z
46,SUCCESS,,K4-540B,칸,,NORMAL,2168,836995775230257998,,2026-04-28T16:02:23.452127700Z
47,SUCCESS,,KA791-3,칸,,NORMAL,2169,836995775263812804,,2026-04-28T16:02:23.459127600Z
48,SUCCESS,,KD134R-S,칸,,NORMAL,2170,836995775297364282,,2026-04-28T16:02:23.467126700Z
49,SUCCESS,,YA125N,칸,,NORMAL,2171,836995775330920750,,2026-04-28T16:02:23.480127Z
50,SUCCESS,,YF125E,칸,,NORMAL,2172,836995775381250387,,2026-04-28T16:02:23.491127500Z
51,SUCCESS,,YA125R,칸,,NORMAL,2173,836995786873646351,,2026-04-28T16:02:26.228439800Z
52,SUCCESS,,YA125B,칸,,NORMAL,2174,836995786911393196,,2026-04-28T16:02:26.236437800Z
53,SUCCESS,,KN262R-2.0,칸,,NORMAL,2175,836995786944948337,,2026-04-28T16:02:26.242879700Z
54,SUCCESS,,JN037,칸,,NORMAL,2176,836995786965919314,,2026-04-28T16:02:26.248879900Z
55,SUCCESS,,JN037,칸,,NORMAL,2177,836995786991086282,,2026-04-28T16:02:26.257879200Z
56,SUCCESS,,GK245N,칸,,NORMAL,2178,836995787028833948,,2026-04-28T16:02:26.263880100Z
57,SUCCESS,,체인줄,칸,,NORMAL,2179,836995787054000899,,2026-04-28T16:02:26.269732Z
58,SUCCESS,,G042E,칸,,NORMAL,2180,836995787079164843,,2026-04-28T16:02:26.276792200Z
59,SUCCESS,,M244E,칸,,NORMAL,2181,836995787108526489,,2026-04-28T16:02:26.282791200Z
60,SUCCESS,,JN369,칸,,NORMAL,2182,836995787133690264,,2026-04-28T16:02:26.289791900Z
61,SUCCESS,,SV178B,칸,,NORMAL,2183,836995787163052978,,2026-04-28T16:02:26.299287400Z
62,SUCCESS,,MV119E,칸,,NORMAL,2184,836995787204995152,,2026-04-28T16:02:26.305292500Z
63,SUCCESS,,MV119R소,칸,,NORMAL,2185,836995787230161094,,2026-04-28T16:02:26.310292300Z
64,SUCCESS,,라A3360R,칸,,NORMAL,2186,836995787255325810,,2026-04-28T16:02:26.317292Z
65,SUCCESS,,LK006B,칸,,NORMAL,2187,836995787280493540,,2026-04-28T16:02:26.324292300Z
66,SUCCESS,,KT227E,칸,,NORMAL,2188,836995787309854249,,2026-04-28T16:02:26.330292600Z
67,SUCCESS,,FSGP1058-1B,칸,,NORMAL,2189,836995787335020217,,2026-04-28T16:02:26.336292800Z
68,SUCCESS,,도로시3부R,칸,,NORMAL,2190,836995787360182458,,2026-04-28T16:02:26.342291900Z
69,SUCCESS,,라53R,칸,,NORMAL,2191,836995787385348165,,2026-04-28T16:02:26.348291900Z
70,SUCCESS,,MS1029,칸,,NORMAL,2192,836995787410515533,,2026-04-28T16:02:26.354293100Z
71,SUCCESS,,신티-메인,칸,,NORMAL,2193,836995787435682032,,2026-04-28T16:02:26.360292800Z
72,SUCCESS,,싱글R,칸,,NORMAL,2194,836995787465043211,,2026-04-28T16:02:26.366292600Z
73,SUCCESS,,R10보조,칸,,NORMAL,2195,836995787490207863,,2026-04-28T16:02:26.373292500Z
74,SUCCESS,,SV146R,칸,,NORMAL,2196,836995787515371880,,2026-04-28T16:02:26.379293300Z
75,SUCCESS,,ES1926R,칸,,NORMAL,2197,836995787544735604,,2026-04-28T16:02:26.386292200Z
76,SUCCESS,,PM1362E,칸,,NORMAL,2198,836995787569899990,,2026-04-28T16:02:26.392291700Z
77,SUCCESS,,PK427R,칸,,NORMAL,2199,836995787599258266,,2026-04-28T16:02:26.399292200Z
78,SUCCESS,,신티가드,칸,,NORMAL,2200,836995787624425094,,2026-04-28T16:02:26.405292500Z
79,SUCCESS,,신티가드,칸,,NORMAL,2201,836995787653786596,,2026-04-28T16:02:26.412292200Z
80,SUCCESS,,PK428R,칸,,NORMAL,2202,836995787678952375,,2026-04-28T16:02:26.419292400Z
81,SUCCESS,,T7751R,칸,,NORMAL,2203,836995787708312760,,2026-04-28T16:02:26.426292400Z
82,SUCCESS,,FS3050B-M,칸,,NORMAL,2204,836995787737672733,,2026-04-28T16:02:26.432292100Z
83,SUCCESS,,PK3000R-6.5,칸,,NORMAL,2205,836995787762837804,,2026-04-28T16:02:26.440293400Z
84,SUCCESS,,PM1094B-무벌날개대,칸,,NORMAL,2206,836995787796391113,,2026-04-28T16:02:26.447292400Z
85,SUCCESS,,FS3073B-S,칸,,NORMAL,2207,836995787829947903,,2026-04-28T16:02:26.454292900Z
86,SUCCESS,,FS3074B-L,칸,,NORMAL,2208,836995787855111438,,2026-04-28T16:02:26.462292300Z
87,SUCCESS,,PK08-7,골드스톤,,STOCK,2209,836995787888668521,,2026-04-28T16:02:26.468292100Z
88,SUCCESS,,FS2115B,칸,,NORMAL,2210,836995787918026154,,2026-04-28T16:02:26.475292400Z
89,SUCCESS,,FS2115N,칸,,NORMAL,2211,836995787943191542,,2026-04-28T16:02:26.482292100Z
90,SUCCESS,,FS3072B,칸,,NORMAL,2212,836995787972553053,,2026-04-28T16:02:26.489291800Z
91,SUCCESS,,FS3050B-S,칸,,NORMAL,2213,836995788001914576,,2026-04-28T16:02:26.495292600Z
92,SUCCESS,,SV233B-S민,칸,,NORMAL,2214,836995788027079526,,2026-04-28T16:02:26.502292400Z
93,SUCCESS,,JNR0073,칸,,NORMAL,2215,836995788056437271,,2026-04-28T16:02:26.509292100Z
94,SUCCESS,,FS3405R-S,칸,,NORMAL,2216,836995788085797933,,2026-04-28T16:02:26.516293100Z
95,SUCCESS,,FS3405R-M,칸,,NORMAL,2217,836995788115159112,,2026-04-28T16:02:26.523292300Z
96,SUCCESS,,FS3405R-L,칸,,NORMAL,2218,836995788144519517,,2026-04-28T16:02:26.530292600Z
97,SUCCESS,,KM200R-L민,칸,,NORMAL,2219,836995788173880577,,2026-04-28T16:02:26.537292Z
98,SUCCESS,,KM199E,칸,,NORMAL,2220,836995788207432434,,2026-04-28T16:02:26.546292300Z
99,SUCCESS,,KM199B,칸,,NORMAL,2221,836995788240988222,,2026-04-28T16:02:26.554293600Z
100,SUCCESS,,KM199R,칸,,NORMAL,2222,836995788274544294,,2026-04-28T16:02:26.563295200Z
101,SUCCESS,,JN369,칸,,NORMAL,2223,836995796201776119,,2026-04-28T16:02:28.454631700Z
102,SUCCESS,,KF러브컷B,칸,,NORMAL,2224,836995796243718656,,2026-04-28T16:02:28.463631400Z
103,SUCCESS,,JN73E,칸,,NORMAL,2225,836995796285663913,,2026-04-28T16:02:28.473809700Z
104,SUCCESS,,CR516R,칸,,NORMAL,2226,836995796323409985,,2026-04-28T16:02:28.482644900Z
105,SUCCESS,,KA784R,칸,,NORMAL,2227,836995796361162272,,2026-04-28T16:02:28.490645300Z
106,SUCCESS,,JNC1424,칸,,NORMAL,2228,836995796394715342,,2026-04-28T16:02:28.499644600Z
107,SUCCESS,,FS1021B,칸,,NORMAL,2229,836995796432463770,,2026-04-28T16:02:28.506643900Z
108,SUCCESS,,KA916N,칸,,NORMAL,2230,836995796461823031,,2026-04-28T16:02:28.513645400Z
109,SUCCESS,,KN3614N,칸,,NORMAL,2231,836995796491182154,,2026-04-28T16:02:28.520644700Z
110,SUCCESS,,KR153N롱,칸,,NORMAL,2232,836995796520543113,,2026-04-28T16:02:28.527651600Z
111,SUCCESS,,PK2068B-L,칸,,NORMAL,2233,836995796549904682,,2026-04-28T16:02:28.535658100Z
112,SUCCESS,,MK1610R,칸,,NORMAL,2234,836995796583459382,,2026-04-28T16:02:28.544075900Z
113,SUCCESS,,FS3050N-S,칸,,NORMAL,2235,836995796621206272,,2026-04-28T16:02:28.551075100Z
114,SUCCESS,,KA916N,칸,,NORMAL,2236,836995796650566510,,2026-04-28T16:02:28.558075200Z
115,SUCCESS,,FS3065B,칸,,NORMAL,2237,836995796684120734,,2026-04-28T16:02:28.566082300Z
116,SUCCESS,,JN1459-3.0,칸,,NORMAL,2238,836995796717676402,,2026-04-28T16:02:28.574082800Z
117,SUCCESS,,CKL012R-L,칸,,NORMAL,2239,836995796751229658,,2026-04-28T16:02:28.583082500Z
118,SUCCESS,,CKL012R-S,칸,,NORMAL,2240,836995796784783835,,2026-04-28T16:02:28.592089600Z
119,SUCCESS,,JNR1464-3.3,칸,,NORMAL,2241,836995796822532504,,2026-04-28T16:02:28.602082800Z
120,SUCCESS,,PM578N-20,칸,,NORMAL,2242,836995796864475742,,2026-04-28T16:02:28.610082800Z
121,SUCCESS,,KA0959R-S,칸,,NORMAL,2243,836995796898032677,,2026-04-28T16:02:28.618082200Z
122,SUCCESS,,FS2084N,칸,,NORMAL,2244,836995796931586907,,2026-04-28T16:02:28.626082300Z
123,SUCCESS,,FS2084B,칸,,NORMAL,2245,836995796965140186,,2026-04-28T16:02:28.634082500Z
124,SUCCESS,,FS2074B,칸,,NORMAL,2246,836995796998695695,,2026-04-28T16:02:28.643083100Z
125,SUCCESS,,DA511R,칸,,NORMAL,2247,836995797036444039,,2026-04-28T16:02:28.652084900Z
126,SUCCESS,,JN1459-3.5,칸,,NORMAL,2248,836995797074192896,,2026-04-28T16:02:28.660082100Z
127,SUCCESS,,JN1459-2.5,칸,,NORMAL,2249,836995797107747473,,2026-04-28T16:02:28.670082300Z
128,SUCCESS,,FS2073N,칸,,NORMAL,2250,836995797153882205,,2026-04-28T16:02:28.681083300Z
129,SUCCESS,,FS1002N,칸,,NORMAL,2251,836995797195825406,,2026-04-28T16:02:28.689082100Z
130,SUCCESS,,KA784B-1,칸,,NORMAL,2252,836995797229382674,,2026-04-28T16:02:28.697082300Z
131,SUCCESS,,KM786-2단,칸,,NORMAL,2253,836995797262937276,,2026-04-28T16:02:28.705081700Z
132,SUCCESS,,KA0964R-S,칸,,NORMAL,2254,836995797296491497,,2026-04-28T16:02:28.713083200Z
133,SUCCESS,,KA0964R-L,칸,,NORMAL,2255,836995797330044152,,2026-04-28T16:02:28.721082700Z
134,SUCCESS,,KP476R-S,칸,,NORMAL,2256,836995797363601298,,2026-04-28T16:02:28.729611500Z
135,SUCCESS,,KP476R-L,칸,,NORMAL,2257,836995797397153590,,2026-04-28T16:02:28.739610800Z
136,SUCCESS,,KF021B-S,칸,,NORMAL,2258,836995797443289452,,2026-04-28T16:02:28.748612100Z
137,SUCCESS,,FS1002N,칸,,NORMAL,2259,836995797476845956,,2026-04-28T16:02:28.756612400Z
138,SUCCESS,,FS1002N,칸,,NORMAL,2260,836995797510401061,,2026-04-28T16:02:28.764395200Z
139,SUCCESS,,FS2087B,칸,,NORMAL,2261,836995797548150630,,2026-04-28T16:02:28.772395200Z
140,SUCCESS,,T5019B,칸,,NORMAL,2262,836995797577509508,,2026-04-28T16:02:28.780395Z
141,SUCCESS,,PK-BR05B,칸,,NORMAL,2263,836995797611061516,,2026-04-28T16:02:28.789395500Z
142,SUCCESS,,PK148B,칸,,NORMAL,2264,836995797648811363,,2026-04-28T16:02:28.797396300Z
143,SUCCESS,,KP970R-4.5,칸,,NORMAL,2265,836995797682367774,,2026-04-28T16:02:28.805396100Z
144,SUCCESS,,PM578N-20,칸,,NORMAL,2266,836995797720116333,,2026-04-28T16:02:28.814395400Z
145,SUCCESS,,SV219R-S,칸,,NORMAL,2267,836995797753667862,,2026-04-28T16:02:28.822394800Z
146,SUCCESS,,KR337N,칸,,NORMAL,2268,836995797787224920,,2026-04-28T16:02:28.831396600Z
147,SUCCESS,,KR227R3밴드,칸,,NORMAL,2269,836995797824971808,,2026-04-28T16:02:28.839396100Z
148,SUCCESS,,PK427B,칸,,NORMAL,2270,836995797858529121,,2026-04-28T16:02:28.848395100Z
149,SUCCESS,,PK428B,칸,,NORMAL,2271,836995797896274596,,2026-04-28T16:02:28.856395600Z
150,SUCCESS,,PK2061B-Q,칸,,NORMAL,2272,836995797929831121,,2026-04-28T16:02:28.865401500Z
151,SUCCESS,,다미줄만,칸,,NORMAL,2273,836995806377159255,,2026-04-28T16:02:30.879580300Z
152,SUCCESS,,FS2073N,칸,,NORMAL,2274,836995806414908383,,2026-04-28T16:02:30.888183100Z
153,SUCCESS,,MV1002R-LQ,칸,,NORMAL,2275,836995806452657219,,2026-04-28T16:02:30.896181800Z
154,SUCCESS,,SD221R,칸,,NORMAL,2276,836995806490404951,,2026-04-28T16:02:30.905182200Z
155,SUCCESS,,KN3607R,칸,,NORMAL,2277,836995806523957940,,2026-04-28T16:02:30.914183200Z
156,SUCCESS,,세린느B-3,칸,,NORMAL,2278,836995806561706754,,2026-04-28T16:02:30.923181400Z
157,SUCCESS,,라A3346N,칸,,NORMAL,2279,836995806599457365,,2026-04-28T16:02:30.931182400Z
158,SUCCESS,,KJ164N,칸,,NORMAL,2280,836995806637206023,,2026-04-28T16:02:30.940182Z
159,SUCCESS,,FS2073B,칸,,NORMAL,2281,836995806670761798,,2026-04-28T16:02:30.949182200Z
160,SUCCESS,,PK148R,칸,,NORMAL,2282,836995806708508520,,2026-04-28T16:02:30.958182400Z
161,SUCCESS,,KN189R-민,칸,,NORMAL,2283,836995806746255419,,2026-04-28T16:02:30.967181500Z
162,SUCCESS,,SV247R-2,칸,,NORMAL,2284,836995806784007590,,2026-04-28T16:02:30.976182300Z
163,SUCCESS,,KN3608R,칸,,NORMAL,2285,836995806821754774,,2026-04-28T16:02:30.985182Z
164,SUCCESS,,KA914B-S,칸,,NORMAL,2286,836995806859503785,,2026-04-28T16:02:30.995181700Z
165,SUCCESS,,MO0016N,칸,,NORMAL,2287,836995806905642797,,2026-04-28T16:02:31.006181800Z
166,SUCCESS,,KT1001N-2,칸,,NORMAL,2288,836995806947585849,,2026-04-28T16:02:31.016182Z
167,SUCCESS,,KJ168E,칸,,NORMAL,2289,836995806989526551,,2026-04-28T16:02:31.025183100Z
168,SUCCESS,,MO-부6단,칸,,NORMAL,2290,836995807027276930,,2026-04-28T16:02:31.034182700Z
169,SUCCESS,,SV505E-Q,칸,,NORMAL,2291,836995807065025957,,2026-04-28T16:02:31.043181700Z
170,SUCCESS,,FS1022N,칸,,NORMAL,2292,836995807106965948,,2026-04-28T16:02:31.053184300Z
171,SUCCESS,,KC151R,칸,,NORMAL,2293,836995807144716647,,2026-04-28T16:02:31.062182Z
172,SUCCESS,,별자리-처녀대,칸,,NORMAL,2294,836995807182465120,,2026-04-28T16:02:31.071183200Z
173,SUCCESS,,KA171R,칸,,NORMAL,2295,836995807224408093,,2026-04-28T16:02:31.081182500Z
174,SUCCESS,,CR410,칸,,NORMAL,2296,836995807262157467,,2026-04-28T16:02:31.090182100Z
175,SUCCESS,,까르R-L,칸,,NORMAL,2297,836995807299906925,,2026-04-28T16:02:31.100182Z
176,SUCCESS,,PM1097R,칸,,NORMAL,2298,836995807341847418,,2026-04-28T16:02:31.109183500Z
177,SUCCESS,,KM-J660R,칸,,NORMAL,2299,836995807379598172,,2026-04-28T16:02:31.119181900Z
178,SUCCESS,,KM-J659R,칸,,NORMAL,2300,836995807421538798,,2026-04-28T16:02:31.129182800Z
179,SUCCESS,,KM-J658R,칸,,NORMAL,2301,836995807463483745,,2026-04-28T16:02:31.138182Z
180,SUCCESS,,MV210B,칸,,NORMAL,2302,836995807501233444,,2026-04-28T16:02:31.148181800Z
181,SUCCESS,,라A2619P-M,칸,,NORMAL,2303,836995807543174661,,2026-04-28T16:02:31.157182700Z
182,SUCCESS,,KJN274R,칸,,NORMAL,2304,836995807580922178,,2026-04-28T16:02:31.167181800Z
183,SUCCESS,,SM176R,칸,,NORMAL,2305,836995807622865204,,2026-04-28T16:02:31.176182300Z
184,SUCCESS,,ES3549R-2,칸,,NORMAL,2306,836995807660614152,,2026-04-28T16:02:31.186182500Z
185,SUCCESS,,FS2004F,칸,,NORMAL,2307,836995807702559006,,2026-04-28T16:02:31.196181800Z
186,SUCCESS,,T7040L,칸,,NORMAL,2308,836995807744501179,,2026-04-28T16:02:31.206182900Z
187,SUCCESS,,PM578N-15,칸,,NORMAL,2309,836995807786443899,,2026-04-28T16:02:31.215182200Z
188,SUCCESS,,FS2034B,칸,,NORMAL,2310,836995807824192018,,2026-04-28T16:02:31.226182400Z
189,SUCCESS,,DA530R-S,칸,,NORMAL,2311,836995807870330956,,2026-04-28T16:02:31.237181900Z
190,SUCCESS,,DA530R-L,칸,,NORMAL,2312,836995807916467543,,2026-04-28T16:02:31.247182800Z
191,SUCCESS,,라A2769B,칸,,NORMAL,2313,836995807958409928,,2026-04-28T16:02:31.258182300Z
192,SUCCESS,,PM1332N-S,칸,,NORMAL,2314,836995808004549333,,2026-04-28T16:02:31.268182700Z
193,SUCCESS,,KM485B-S,칸,,NORMAL,2315,836995808046493135,,2026-04-28T16:02:31.278183300Z
194,SUCCESS,,다미십자N,칸,,NORMAL,2316,836995808088436690,,2026-04-28T16:02:31.291182200Z
195,SUCCESS,,KA914B-M,칸,,NORMAL,2317,836995808142959961,,2026-04-28T16:02:31.301182100Z
196,SUCCESS,,PP461L,칸,,NORMAL,2318,836995808184902444,,2026-04-28T16:02:31.316182700Z
197,SUCCESS,,PP461S,칸,,NORMAL,2319,836995808247820284,,2026-04-28T16:02:31.328182500Z
198,SUCCESS,,RC801L,칸,,NORMAL,2320,836995808298149499,,2026-04-28T16:02:31.343182300Z
199,SUCCESS,,RC801S,칸,,NORMAL,2321,836995808361065682,,2026-04-28T16:02:31.356182700Z
200,SUCCESS,,GK179N,칸,,NORMAL,2322,836995808415591663,,2026-04-28T16:02:31.367183600Z
201,SUCCESS,,KR128N-2단-텐,칸,,NORMAL,2323,836995816321853979,,2026-04-28T16:02:33.257824700Z
202,SUCCESS,,RC970보조,칸,,NORMAL,2324,836995816388962569,,2026-04-28T16:02:33.269824200Z
203,SUCCESS,,RC970보조,칸,,NORMAL,2325,836995816439294680,,2026-04-28T16:02:33.279823300Z
204,SUCCESS,,SV247R-2,칸,,NORMAL,2326,836995816485432002,,2026-04-28T16:02:33.290823700Z
205,SUCCESS,,KM182R-2,칸,,NORMAL,2327,836995816531567761,,2026-04-28T16:02:33.301825100Z
206,SUCCESS,,SV146R,칸,,NORMAL,2328,836995816577706601,,2026-04-28T16:02:33.312824800Z
207,SUCCESS,,6A-110N,칸,,NORMAL,2329,836995816619648293,,2026-04-28T16:02:33.323823500Z
208,SUCCESS,,K3-501N,칸,,NORMAL,2330,836995816665784623,,2026-04-28T16:02:33.334823300Z
209,SUCCESS,,K3-1360R-7,칸,,NORMAL,2331,836995816711924829,,2026-04-28T16:02:33.344823800Z
210,SUCCESS,,K3-1360R-5,칸,,NORMAL,2332,836995816753865225,,2026-04-28T16:02:33.355823800Z
211,SUCCESS,,3369N,칸,,NORMAL,2333,836995816800005373,,2026-04-28T16:02:33.365823900Z
212,SUCCESS,,KA0176R,칸,,NORMAL,2334,836995816841947629,,2026-04-28T16:02:33.376823300Z
213,SUCCESS,,KA0214R,칸,,NORMAL,2335,836995816888086122,,2026-04-28T16:02:33.386822800Z
214,SUCCESS,,PM1061B-4,칸,,NORMAL,2336,836995816934222698,,2026-04-28T16:02:33.397823Z
215,SUCCESS,,KF327B,칸,,NORMAL,2337,836995816976164254,,2026-04-28T16:02:33.408823100Z
216,SUCCESS,,T-4-함량X,칸,,NORMAL,2338,836995817022300759,,2026-04-28T16:02:33.420258Z
217,SUCCESS,,PM1182R큐민,칸,,NORMAL,2339,836995817072635861,,2026-04-28T16:02:33.430797300Z
218,SUCCESS,,도로시5부R,칸,,NORMAL,2340,836995817118769421,,2026-04-28T16:02:33.441822700Z
219,SUCCESS,,M797B-L,칸,,NORMAL,2341,836995817160713917,,2026-04-28T16:02:33.452821800Z
220,SUCCESS,,PK302E,칸,,NORMAL,2342,836995817206853050,,2026-04-28T16:02:33.463821500Z
221,SUCCESS,,체인줄,칸,,NORMAL,2343,836995817252989978,,2026-04-28T16:02:33.474822200Z
222,SUCCESS,,PM1307R,칸,,NORMAL,2344,836995817303318985,,2026-04-28T16:02:33.485821400Z
223,SUCCESS,,체인줄,칸,,NORMAL,2345,836995817349458642,,2026-04-28T16:02:33.497821600Z
224,SUCCESS,,KM170R-L,칸,,NORMAL,2346,836995817395596085,,2026-04-28T16:02:33.508821600Z
225,SUCCESS,,PK124B,칸,,NORMAL,2347,836995817441730970,,2026-04-28T16:02:33.520821Z
226,SUCCESS,,PK313E,칸,,NORMAL,2348,836995817492062885,,2026-04-28T16:02:33.531821100Z
227,SUCCESS,,JN-170R,칸,,NORMAL,2349,836995817538203316,,2026-04-28T16:02:33.542820900Z
228,SUCCESS,,JN-M151-6.5,칸,,NORMAL,2350,836995817584337703,,2026-04-28T16:02:33.553821200Z
229,SUCCESS,,JN-M151-6.5,칸,,NORMAL,2351,836995817634668703,,2026-04-28T16:02:33.565822600Z
230,SUCCESS,,JN-183R,칸,,NORMAL,2352,836995817680807878,,2026-04-28T16:02:33.576820700Z
231,SUCCESS,,체인줄,칸,,NORMAL,2353,836995817731141527,,2026-04-28T16:02:33.588820600Z
232,SUCCESS,,체인줄,칸,,NORMAL,2354,836995817777278425,,2026-04-28T16:02:33.600822200Z
233,SUCCESS,,체인줄,칸,,NORMAL,2355,836995817827606719,,2026-04-28T16:02:33.611821500Z
234,SUCCESS,,체인줄,칸,,NORMAL,2356,836995817873746292,,2026-04-28T16:02:33.623821500Z
235,SUCCESS,,체인줄,칸,,NORMAL,2357,836995817924078965,,2026-04-28T16:02:33.634822400Z
236,SUCCESS,,체인줄,칸,,NORMAL,2358,836995817970213795,,2026-04-28T16:02:33.646821300Z
237,SUCCESS,,KA791-3,칸,,NORMAL,2359,836995818020547972,,2026-04-28T16:02:33.657821200Z
238,SUCCESS,,PK328B,칸,,NORMAL,2360,836995818066683695,,2026-04-28T16:02:33.669822400Z
239,SUCCESS,,KR132R-3단-텐,칸,,NORMAL,2361,836995818121211605,,2026-04-28T16:02:33.681821300Z
240,SUCCESS,,KR116R-부4,칸,,NORMAL,2362,836995818171541525,,2026-04-28T16:02:33.696821700Z
241,SUCCESS,,라A2804R-L,칸,,NORMAL,2363,836995818230263664,,2026-04-28T16:02:33.708821400Z
242,SUCCESS,,FS1022N,칸,,NORMAL,2364,836995818280592789,,2026-04-28T16:02:33.721821400Z
243,SUCCESS,,KF317R,칸,,NORMAL,2365,836995818335118094,,2026-04-28T16:02:33.733365Z
244,SUCCESS,,KF317-1R,칸,,NORMAL,2366,836995818385449604,,2026-04-28T16:02:33.745366300Z
245,SUCCESS,,KR112N,칸,,NORMAL,2367,836995818435783762,,2026-04-28T16:02:33.757363900Z
246,SUCCESS,,SRT486R-L,칸,,NORMAL,2368,836995818490308947,,2026-04-28T16:02:33.770363500Z
247,SUCCESS,,MK0083B-Q민,칸,,NORMAL,2369,836995818540641908,,2026-04-28T16:02:33.782772400Z
248,SUCCESS,,PS3361,칸,,NORMAL,2370,836995818595165922,,2026-04-28T16:02:33.795772400Z
249,SUCCESS,,KF315R,칸,,NORMAL,2371,836995818645499157,,2026-04-28T16:02:33.810772100Z
250,SUCCESS,,KR127R,칸,,NORMAL,2372,836995818708411947,,2026-04-28T16:02:33.822773Z
251,SUCCESS,,라A4217B-L,칸,,NORMAL,2373,836995826325267629,,2026-04-28T16:02:35.638812100Z
252,SUCCESS,,라A4218N,칸,,NORMAL,2374,836995826379796017,,2026-04-28T16:02:35.653812200Z
253,SUCCESS,,PS3368R,칸,,NORMAL,2375,836995826442707736,,2026-04-28T16:02:35.666812400Z
254,SUCCESS,,BB소,칸,,NORMAL,2376,836995826497235680,,2026-04-28T16:02:35.678811900Z
255,SUCCESS,,PK302N,칸,,NORMAL,2377,836995826547568570,,2026-04-28T16:02:35.690812500Z
256,SUCCESS,,FS1023B,칸,,NORMAL,2378,836995826597896559,,2026-04-28T16:02:35.707813200Z
257,SUCCESS,,PM1307E,칸,,NORMAL,2379,836995826665006025,,2026-04-28T16:02:35.719812300Z
258,SUCCESS,,FS1004F,칸,,NORMAL,2380,836995826719531367,,2026-04-28T16:02:35.731928300Z
259,SUCCESS,,PM927R-1.3Q,칸,,NORMAL,2381,836995826769866519,,2026-04-28T16:02:35.744480300Z
260,SUCCESS,,JN-M125,칸,,NORMAL,2382,836995826820194969,,2026-04-28T16:02:35.756480700Z
261,SUCCESS,,EK1242,칸,,NORMAL,2383,836995826870528257,,2026-04-28T16:02:35.768480300Z
262,SUCCESS,,KR102-3단,칸,,NORMAL,2384,836995826920859698,,2026-04-28T16:02:35.780481800Z
263,SUCCESS,,KR104R,칸,,NORMAL,2385,836995826971189438,,2026-04-28T16:02:35.792480300Z
264,SUCCESS,,KR106R,칸,,NORMAL,2386,836995827021523692,,2026-04-28T16:02:35.804480300Z
265,SUCCESS,,KR106N,칸,,NORMAL,2387,836995827071853165,,2026-04-28T16:02:35.817480500Z
266,SUCCESS,,KR112N,칸,,NORMAL,2388,836995827126380416,,2026-04-28T16:02:35.829481400Z
267,SUCCESS,,PM868R흑,칸,,NORMAL,2389,836995827176710923,,2026-04-28T16:02:35.841998800Z
268,SUCCESS,,M28-1B,칸,,NORMAL,2390,836995827227044639,,2026-04-28T16:02:35.853766300Z
269,SUCCESS,,SV146B-S,칸,,NORMAL,2391,836995827277376225,,2026-04-28T16:02:35.865767900Z
270,SUCCESS,,FN351줄,칸,,NORMAL,2392,836995827327705397,,2026-04-28T16:02:35.877776800Z
271,SUCCESS,,SV818E,칸,,NORMAL,2393,836995827378039015,,2026-04-28T16:02:35.890402600Z
272,SUCCESS,,MS1017가드링,칸,,NORMAL,2394,836995827432562739,,2026-04-28T16:02:35.902912900Z
273,SUCCESS,,MS1017R메인,칸,,NORMAL,2395,836995827487090254,,2026-04-28T16:02:35.915912800Z
274,SUCCESS,,KK367N,칸,,NORMAL,2396,836995827537423463,,2026-04-28T16:02:35.927913Z
275,SUCCESS,,JN035,칸,,NORMAL,2397,836995827591947563,,2026-04-28T16:02:35.940912800Z
276,SUCCESS,,CK4274B,칸,,NORMAL,2398,836995827642279590,,2026-04-28T16:02:35.952912800Z
277,SUCCESS,,JN685-8,칸,,NORMAL,2399,836995827692613146,,2026-04-28T16:02:35.965912100Z
278,SUCCESS,,JN-M97,칸,,NORMAL,2400,836995827747137079,,2026-04-28T16:02:35.977925100Z
279,SUCCESS,,라A3360B,칸,,NORMAL,2401,836995827801663298,,2026-04-28T16:02:35.990925400Z
280,SUCCESS,,라A3360N,칸,,NORMAL,2402,836995827851995029,,2026-04-28T16:02:36.002926300Z
281,SUCCESS,,FSGP1057BQ민,칸,,NORMAL,2403,836995827906520446,,2026-04-28T16:02:36.016924500Z
282,SUCCESS,,M2590B,칸,,NORMAL,2404,836995827961045750,,2026-04-28T16:02:36.028925100Z
283,SUCCESS,,SV141E-10,칸,,NORMAL,2405,836995828015572520,,2026-04-28T16:02:36.041926200Z
284,SUCCESS,,GK140R,칸,,NORMAL,2406,836995828065903627,,2026-04-28T16:02:36.054925300Z
285,SUCCESS,,LP2203N,칸,,NORMAL,2407,836995828124624128,,2026-04-28T16:02:36.067925200Z
286,SUCCESS,,KD136L,칸,,NORMAL,2408,836995828174955778,,2026-04-28T16:02:36.080906100Z
287,SUCCESS,,까르R-S,칸,,NORMAL,2409,836995828229481954,,2026-04-28T16:02:36.092906700Z
288,SUCCESS,,PM1182B큐민,칸,,NORMAL,2410,836995828284008655,,2026-04-28T16:02:36.105907900Z
289,SUCCESS,,SV223B-L민,칸,,NORMAL,2411,836995828338532499,,2026-04-28T16:02:36.119906700Z
290,SUCCESS,,나사5R,칸,,NORMAL,2412,836995828393061165,,2026-04-28T16:02:36.131906100Z
291,SUCCESS,,JN052R-S민,칸,,NORMAL,2413,836995828443391788,,2026-04-28T16:02:36.145906100Z
292,SUCCESS,,JN212-5,칸,,NORMAL,2414,836995828506305440,,2026-04-28T16:02:36.160906800Z
293,SUCCESS,,CK4185B,칸,,NORMAL,2415,836995828565028104,,2026-04-28T16:02:36.174914900Z
294,SUCCESS,,UJ322B,칸,,NORMAL,2416,836995828623746264,,2026-04-28T16:02:36.190915Z
295,SUCCESS,,LK9509R,칸,,NORMAL,2417,836995828695048637,,2026-04-28T16:02:36.204915300Z
296,SUCCESS,,T-4-함량X,칸,,NORMAL,2418,836995828749576099,,2026-04-28T16:02:36.217915700Z
297,SUCCESS,,라A1462B수리,칸,,NORMAL,2419,836995828808298145,,2026-04-28T16:02:36.231915Z
298,SUCCESS,,KD136S,칸,,NORMAL,2420,836995828862822595,,2026-04-28T16:02:36.244916500Z
299,SUCCESS,,라A1462B,칸,,NORMAL,2421,836995828917348851,,2026-04-28T16:02:36.258915700Z
300,SUCCESS,,OM212R-S,칸,,NORMAL,2422,836995828976067545,,2026-04-28T16:02:36.272915600Z
301,SUCCESS,,B1텐R-1단,칸,,NORMAL,2423,836995835942807628,,2026-04-28T16:02:37.933690700Z
302,SUCCESS,,FSGP1060-1B대,칸,,NORMAL,2424,836995836001528421,,2026-04-28T16:02:37.946691100Z
303,SUCCESS,,ES486EN수리,칸,,NORMAL,2425,836995836056051713,,2026-04-28T16:02:37.960690400Z
304,SUCCESS,,SV223B-L민,칸,,NORMAL,2426,836995836114772039,,2026-04-28T16:02:37.974690700Z
305,SUCCESS,,NS1011S,칸,,NORMAL,2427,836995836173496194,,2026-04-28T16:02:37.987690500Z
306,SUCCESS,,DR107L,칸,,NORMAL,2428,836995836232212651,,2026-04-28T16:02:38.001691700Z
307,SUCCESS,,T7640N,칸,,NORMAL,2429,836995836286739094,,2026-04-28T16:02:38.015690500Z
308,SUCCESS,,JM205R,칸,,NORMAL,2430,836995836345462583,,2026-04-28T16:02:38.029691Z
309,SUCCESS,,BSG4B,칸,,NORMAL,2431,836995836404181358,,2026-04-28T16:02:38.042691200Z
310,SUCCESS,,K77B,칸,,NORMAL,2432,836995836462900734,,2026-04-28T16:02:38.056690900Z
311,SUCCESS,,라A2769B,칸,,NORMAL,2433,836995836517428459,,2026-04-28T16:02:38.070692600Z
312,SUCCESS,,FS697S,칸,,NORMAL,2434,836995836576148889,,2026-04-28T16:02:38.083691700Z
313,SUCCESS,,NS25L,칸,,NORMAL,2435,836995836634866137,,2026-04-28T16:02:38.098691900Z
314,SUCCESS,,NS25S,칸,,NORMAL,2436,836995836693587450,,2026-04-28T16:02:38.112691500Z
315,SUCCESS,,VB0143,칸,,NORMAL,2437,836995836752309593,,2026-04-28T16:02:38.126691500Z
316,SUCCESS,,KA0268R,칸,,NORMAL,2438,836995836811026456,,2026-04-28T16:02:38.140690600Z
317,SUCCESS,,SV125-2E,칸,,NORMAL,2439,836995836869746748,,2026-04-28T16:02:38.154729Z
318,SUCCESS,,KK205PL,칸,,NORMAL,2440,836995836928467938,,2026-04-28T16:02:38.168691100Z
319,SUCCESS,,NS23L,칸,,NORMAL,2441,836995836987190346,,2026-04-28T16:02:38.185690Z
320,SUCCESS,,CK4276B,칸,,NORMAL,2442,836995837058492112,,2026-04-28T16:02:38.199690100Z
321,SUCCESS,,SV139R-L,칸,,NORMAL,2443,836995837117211789,,2026-04-28T16:02:38.214690500Z
322,SUCCESS,,M28-1B,칸,,NORMAL,2444,836995837184319500,,2026-04-28T16:02:38.231690700Z
323,SUCCESS,,BSG1S,칸,,NORMAL,2445,836995837251428779,,2026-04-28T16:02:38.246690100Z
324,SUCCESS,,T7757R-L,칸,,NORMAL,2446,836995837314346578,,2026-04-28T16:02:38.260690500Z
325,SUCCESS,,T7757R-S,칸,,NORMAL,2447,836995837373064488,,2026-04-28T16:02:38.274690100Z
326,SUCCESS,,T7757B,칸,,NORMAL,2448,836995837431783904,,2026-04-28T16:02:38.288690200Z
327,SUCCESS,,T7757N-L,칸,,NORMAL,2449,836995837494700129,,2026-04-28T16:02:38.303690200Z
328,SUCCESS,,RC3000R,칸,,NORMAL,2450,836995837553418260,,2026-04-28T16:02:38.317690300Z
329,SUCCESS,,DA308N,칸,,NORMAL,2451,836995837612139064,,2026-04-28T16:02:38.331692500Z
330,SUCCESS,,JN973-6.5,칸,,NORMAL,2452,836995837670859255,,2026-04-28T16:02:38.345690Z
331,SUCCESS,,FS843R-L,칸,,NORMAL,2453,836995837729582765,,2026-04-28T16:02:38.361691400Z
332,SUCCESS,,FS843R-S,칸,,NORMAL,2454,836995837796689023,,2026-04-28T16:02:38.377690900Z
333,SUCCESS,,라F100R,칸,,NORMAL,2455,836995837867991468,,2026-04-28T16:02:38.392701700Z
334,SUCCESS,,MV210B,칸,,NORMAL,2456,836995837926713631,,2026-04-28T16:02:38.407699300Z
335,SUCCESS,,SV233B,칸,,NORMAL,2457,836995837989627483,,2026-04-28T16:02:38.421700600Z
336,SUCCESS,,C19932,칸,,NORMAL,2458,836995838048348819,,2026-04-28T16:02:38.438700600Z
337,SUCCESS,,라377,칸,,NORMAL,2459,836995838123847489,,2026-04-28T16:02:38.455699100Z
338,SUCCESS,,K에폭링,칸,,NORMAL,2460,836995838190955080,,2026-04-28T16:02:38.473699700Z
339,SUCCESS,,KG014나사대,칸,,NORMAL,2461,836995838266450174,,2026-04-28T16:02:38.490700100Z
340,SUCCESS,,SV237R-L,칸,,NORMAL,2462,836995838341948712,,2026-04-28T16:02:38.505700Z
341,SUCCESS,,ES486EN,칸,,NORMAL,2463,836995838404865278,,2026-04-28T16:02:38.522700Z
342,SUCCESS,,KD135S,칸,,NORMAL,2464,836995838471973349,,2026-04-28T16:02:38.543700200Z
343,SUCCESS,,KD135L,칸,,NORMAL,2465,836995838564249090,,2026-04-28T16:02:38.564699200Z
344,SUCCESS,,ES2932R,칸,,NORMAL,2466,836995838652328545,,2026-04-28T16:02:38.581731300Z
345,SUCCESS,,SV233B,칸,,NORMAL,2467,836995838719434986,,2026-04-28T16:02:38.601699800Z
346,SUCCESS,,라A1462-1B,칸,,NORMAL,2468,836995838807519027,,2026-04-28T16:02:38.621698800Z
347,SUCCESS,,라A1462-1B,칸,,NORMAL,2469,836995838891403277,,2026-04-28T16:02:38.641700300Z
348,SUCCESS,,KN4373R,칸,,NORMAL,2470,836995838971095823,,2026-04-28T16:02:38.662700100Z
349,SUCCESS,,SV223B-LQ,칸,,NORMAL,2471,836995839063370460,,2026-04-28T16:02:38.717850100Z
350,SUCCESS,,실크F,칸,,NORMAL,2472,836995839289862878,,2026-04-28T16:02:38.738548900Z
351,SUCCESS,,PM971R,칸,,NORMAL,2473,836995846185296477,,2026-04-28T16:02:40.377414100Z
352,SUCCESS,,M318R대,칸,,NORMAL,2474,836995846256601009,,2026-04-28T16:02:40.392412800Z
353,SUCCESS,,KA797N,칸,,NORMAL,2475,836995846319517202,,2026-04-28T16:02:40.408413100Z
354,SUCCESS,,FN908N,칸,,NORMAL,2476,836995846382429367,,2026-04-28T16:02:40.423413400Z
355,SUCCESS,,VB0143,칸,,NORMAL,2477,836995846445344872,,2026-04-28T16:02:40.439413Z
356,SUCCESS,,M483S,칸,,NORMAL,2478,836995846512452402,,2026-04-28T16:02:40.454413200Z
357,SUCCESS,,OM212B-S,칸,,NORMAL,2479,836995846575367724,,2026-04-28T16:02:40.470412800Z
358,SUCCESS,,FS623S,칸,,NORMAL,2480,836995846642476222,,2026-04-28T16:02:40.485416100Z
359,SUCCESS,,A2036B,칸,,NORMAL,2481,836995846705390816,,2026-04-28T16:02:40.500421400Z
360,SUCCESS,,VB0343,칸,,NORMAL,2482,836995846772501023,,2026-04-28T16:02:40.516420800Z
361,SUCCESS,,VB0743,칸,,NORMAL,2483,836995846835414288,,2026-04-28T16:02:40.531420600Z
362,SUCCESS,,SV233B,칸,,NORMAL,2484,836995846898327902,,2026-04-28T16:02:40.546421Z
363,SUCCESS,,라A2779R-Q,칸,,NORMAL,2485,836995846961245038,,2026-04-28T16:02:40.561421300Z
364,SUCCESS,,SV233B,칸,,NORMAL,2486,836995847024160319,,2026-04-28T16:02:40.577421500Z
365,SUCCESS,,A2015B,칸,,NORMAL,2487,836995847095462536,,2026-04-28T16:02:40.592421200Z
366,SUCCESS,,YF0222N,칸,,NORMAL,2488,836995847158376405,,2026-04-28T16:02:40.608420700Z
367,SUCCESS,,라F100R,칸,,NORMAL,2489,836995847221292229,,2026-04-28T16:02:40.623422500Z
368,SUCCESS,,DA567R-M,칸,,NORMAL,2490,836995847288398560,,2026-04-28T16:02:40.639421100Z
369,SUCCESS,,DA567R-M,칸,,NORMAL,2491,836995847355507810,,2026-04-28T16:02:40.655422600Z
370,SUCCESS,,T-3-함량X,칸,,NORMAL,2492,836995847418422754,,2026-04-28T16:02:40.671420900Z
371,SUCCESS,,FS3016,칸,,NORMAL,2493,836995847485530615,,2026-04-28T16:02:40.688421300Z
372,SUCCESS,,실크B,칸,,NORMAL,2494,836995847556833747,,2026-04-28T16:02:40.703421Z
373,SUCCESS,,CK3759B,칸,,NORMAL,2495,836995847623944861,,2026-04-28T16:02:40.719421800Z
374,SUCCESS,,K77B,칸,,NORMAL,2496,836995847691051636,,2026-04-28T16:02:40.735741700Z
375,SUCCESS,,라A3262L,칸,,NORMAL,2497,836995847753966615,,2026-04-28T16:02:40.751643900Z
376,SUCCESS,,라A3262S,칸,,NORMAL,2498,836995847821076700,,2026-04-28T16:02:40.766678200Z
377,SUCCESS,,T7076S,칸,,NORMAL,2499,836995847888184347,,2026-04-28T16:02:40.782643Z
378,SUCCESS,,R4R,칸,,NORMAL,2500,836995847955293919,,2026-04-28T16:02:40.802642700Z
379,SUCCESS,,KC028E,칸,,NORMAL,2501,836995848039180638,,2026-04-28T16:02:40.819644500Z
380,SUCCESS,,FS3104-1,칸,,NORMAL,2502,836995848106288300,,2026-04-28T16:02:40.836643600Z
381,SUCCESS,,NS33S,칸,,NORMAL,2503,836995848177591816,,2026-04-28T16:02:40.853305600Z
382,SUCCESS,,NS518S,칸,,NORMAL,2504,836995848248897254,,2026-04-28T16:02:40.869305400Z
383,SUCCESS,,KA0243,칸,,NORMAL,2505,836995848316006283,,2026-04-28T16:02:40.886306200Z
384,SUCCESS,,K77B,칸,,NORMAL,2506,836995848391500555,,2026-04-28T16:02:40.906006400Z
385,SUCCESS,,R7메인링,칸,,NORMAL,2507,836995848471195263,,2026-04-28T16:02:40.923644500Z
386,SUCCESS,,MS1046R,칸,,NORMAL,2508,836995848546689034,,2026-04-28T16:02:40.941073400Z
387,SUCCESS,,KD135L,칸,,NORMAL,2509,836995848617992348,,2026-04-28T16:02:40.958520200Z
388,SUCCESS,,OM215R-Q변형확인,칸,,NORMAL,2510,836995848689299341,,2026-04-28T16:02:40.975705Z
389,SUCCESS,,ES1926-1,칸,,NORMAL,2511,836995848760601039,,2026-04-28T16:02:40.993194200Z
390,SUCCESS,,PM881B,칸,,NORMAL,2512,836995848836099347,,2026-04-28T16:02:41.009922500Z
391,SUCCESS,,MR7125B,칸,,NORMAL,2513,836995848903208129,,2026-04-28T16:02:41.026928700Z
392,SUCCESS,,SV207BQ,칸,,NORMAL,2514,836995848978705010,,2026-04-28T16:02:41.043737300Z
393,SUCCESS,,M28-1B,칸,,NORMAL,2515,836995849050006654,,2026-04-28T16:02:41.060737100Z
394,SUCCESS,,M28-1B,칸,,NORMAL,2516,836995849117118421,,2026-04-28T16:02:41.077737Z
395,SUCCESS,,FSGP1022BQ민,칸,,NORMAL,2517,836995849188420658,,2026-04-28T16:02:41.093737600Z
396,SUCCESS,,PM949R-S,칸,,NORMAL,2518,836995849255529298,,2026-04-28T16:02:41.110737700Z
397,SUCCESS,,SV223R-L민,칸,,NORMAL,2519,836995849326831780,,2026-04-28T16:02:41.128364600Z
398,SUCCESS,,BSG4B,칸,,NORMAL,2520,836995849402328785,,2026-04-28T16:02:41.145365100Z
399,SUCCESS,,C19930,칸,,STOCK,2521,836995849473632169,,2026-04-28T16:02:41.162365400Z
400,SUCCESS,,BSG17S,칸,,NORMAL,2522,836995849544936052,,2026-04-28T16:02:41.179365500Z
401,SUCCESS,,PM927R-1.7올,칸,,NORMAL,2523,836995854624238744,,2026-04-28T16:02:42.391591Z
402,SUCCESS,,PM927R-1.3탄,칸,,NORMAL,2524,836995854699733180,,2026-04-28T16:02:42.408591400Z
403,SUCCESS,,체인줄,칸,,NORMAL,2525,836995854771039601,,2026-04-28T16:02:42.425590900Z
404,SUCCESS,,CK3394E,칸,,NORMAL,2526,836995854842340857,,2026-04-28T16:02:42.442590800Z
405,SUCCESS,,FN15-공1줄N,칸,,NORMAL,2527,836995854913642637,,2026-04-28T16:02:42.459756300Z
406,SUCCESS,,FN17-1,칸,,NORMAL,2528,836995854984946694,,2026-04-28T16:02:42.478600200Z
407,SUCCESS,,FS3104-1,칸,,NORMAL,2529,836995855064639974,,2026-04-28T16:02:42.495111600Z
408,SUCCESS,,DN433,칸,,NORMAL,2530,836995855135941337,,2026-04-28T16:02:42.512111800Z
409,SUCCESS,,DN431,칸,,NORMAL,2531,836995855207246323,,2026-04-28T16:02:42.528111400Z
410,SUCCESS,,WR2S,칸,,NORMAL,2532,836995855274356157,,2026-04-28T16:02:42.545111300Z
411,SUCCESS,,WR2L,칸,,NORMAL,2533,836995855345656922,,2026-04-28T16:02:42.562112Z
412,SUCCESS,,WR6S,칸,,NORMAL,2534,836995855416959500,,2026-04-28T16:02:42.579110800Z
413,SUCCESS,,WR6L,칸,,NORMAL,2535,836995855488262265,,2026-04-28T16:02:42.595111800Z
414,SUCCESS,,WR26S,칸,,NORMAL,2536,836995855555373872,,2026-04-28T16:02:42.612111400Z
415,SUCCESS,,WR26L,칸,,NORMAL,2537,836995855626676406,,2026-04-28T16:02:42.630111100Z
416,SUCCESS,,J1057L,칸,,NORMAL,2538,836995855702172807,,2026-04-28T16:02:42.648111300Z
417,SUCCESS,,J1057S,칸,,NORMAL,2539,836995855777671425,,2026-04-28T16:02:42.668111400Z
418,SUCCESS,,WR10S,칸,,NORMAL,2540,836995855861555307,,2026-04-28T16:02:42.685111300Z
419,SUCCESS,,WR10L,칸,,NORMAL,2541,836995855932858771,,2026-04-28T16:02:42.703111900Z
420,SUCCESS,,WR55L,칸,,NORMAL,2542,836995856008359292,,2026-04-28T16:02:42.721113400Z
421,SUCCESS,,WR55S,칸,,NORMAL,2543,836995856088048800,,2026-04-28T16:02:42.740235200Z
422,SUCCESS,,체인줄,칸,,NORMAL,2544,836995856163545344,,2026-04-28T16:02:42.758235400Z
423,SUCCESS,,T7543B,칸,,NORMAL,2545,836995856239045356,,2026-04-28T16:02:42.775234500Z
424,SUCCESS,,CK3345B,칸,,NORMAL,2546,836995856310347883,,2026-04-28T16:02:42.793234600Z
425,SUCCESS,,M11P-2CM,칸,,NORMAL,2547,836995856385843570,,2026-04-28T16:02:42.810235500Z
426,SUCCESS,,PM577E,칸,,NORMAL,2548,836995856461341451,,2026-04-28T16:02:42.829234800Z
427,SUCCESS,,나사4R,칸,,NORMAL,2549,836995856536841745,,2026-04-28T16:02:42.848235900Z
428,SUCCESS,,K58S,칸,,NORMAL,2550,836995856616531155,,2026-04-28T16:02:42.866234900Z
429,SUCCESS,,KD136S,칸,,NORMAL,2551,836995856692029391,,2026-04-28T16:02:42.886235100Z
430,SUCCESS,,FS3106,칸,,NORMAL,2552,836995856780108096,,2026-04-28T16:02:42.910347900Z
431,SUCCESS,,K58-1S,칸,,NORMAL,2553,836995856880773960,,2026-04-28T16:02:42.930348400Z
432,SUCCESS,,KD136S,칸,,NORMAL,2554,836995856960464683,,2026-04-28T16:02:42.948861800Z
433,SUCCESS,,NS520S,칸,,NORMAL,2555,836995857040158189,,2026-04-28T16:02:42.967860500Z
434,SUCCESS,,FS3016,칸,,NORMAL,2556,836995857115654992,,2026-04-28T16:02:42.985861500Z
435,SUCCESS,,FS3016,칸,,NORMAL,2557,836995857191151180,,2026-04-28T16:02:43.003861600Z
436,SUCCESS,,CK3345B,칸,,NORMAL,2558,836995857266647948,,2026-04-28T16:02:43.021860900Z
437,SUCCESS,,T7688R,칸,,NORMAL,2559,836995857342146402,,2026-04-28T16:02:43.040860Z
438,SUCCESS,,T-4-함량X,칸,,NORMAL,2560,836995857421836994,,2026-04-28T16:02:43.058096800Z
439,SUCCESS,,M318R중,칸,,NORMAL,2561,836995857501530596,,2026-04-28T16:02:43.077098400Z
440,SUCCESS,,신1433E,칸,,NORMAL,2562,836995857577026142,,2026-04-28T16:02:43.096097700Z
441,SUCCESS,,FS829L,칸,,NORMAL,2563,836995857656719545,,2026-04-28T16:02:43.114717600Z
442,SUCCESS,,FS829S,칸,,NORMAL,2564,836995857736410181,,2026-04-28T16:02:43.134135900Z
443,SUCCESS,,KC0252N,칸,,NORMAL,2565,836995857816104410,,2026-04-28T16:02:43.152461700Z
444,SUCCESS,,나사4R,칸,,NORMAL,2566,836995857891602334,,2026-04-28T16:02:43.171252400Z
445,SUCCESS,,K77B,칸,,NORMAL,2567,836995857971291119,,2026-04-28T16:02:43.189823800Z
446,SUCCESS,,FS691L,칸,,NORMAL,2568,836995858050982423,,2026-04-28T16:02:43.208073700Z
447,SUCCESS,,T7596R,칸,,NORMAL,2569,836995858126481893,,2026-04-28T16:02:43.226329700Z
448,SUCCESS,,T7596R,칸,,NORMAL,2570,836995858201979502,,2026-04-28T16:02:43.245166200Z
449,SUCCESS,,FS3100-1,칸,,NORMAL,2571,836995858281671311,,2026-04-28T16:02:43.264166300Z
450,SUCCESS,,FS3101,칸,,NORMAL,2572,836995858361362620,,2026-04-28T16:02:43.282166100Z
451,SUCCESS,,FS3021,칸,,NORMAL,2573,836995865890139994,,2026-04-28T16:02:45.082334800Z
452,SUCCESS,,MK1505R,칸,,NORMAL,2574,836995865986605284,,2026-04-28T16:02:45.101334700Z
453,SUCCESS,,T7685B,칸,,NORMAL,2575,836995866070492863,,2026-04-28T16:02:45.121334600Z
454,SUCCESS,,LDS004L,칸,,NORMAL,2576,836995866150185625,,2026-04-28T16:02:45.140334500Z
455,SUCCESS,,CK3812R-S,칸,,NORMAL,2577,836995866229877032,,2026-04-28T16:02:45.158340Z
456,SUCCESS,,CK3812R-L,칸,,NORMAL,2578,836995866309568897,,2026-04-28T16:02:45.176339900Z
457,SUCCESS,,FS622L,칸,,NORMAL,2579,836995866380870700,,2026-04-28T16:02:45.194339900Z
458,SUCCESS,,FSB054-1,칸,,NORMAL,2580,836995866460561575,,2026-04-28T16:02:45.212847700Z
459,SUCCESS,,FN533-2,칸,,NORMAL,2581,836995866531866658,,2026-04-28T16:02:45.231847400Z
460,SUCCESS,,FSGP1022BQ민,칸,,NORMAL,2582,836995866611556585,,2026-04-28T16:02:45.251345300Z
461,SUCCESS,,M11R1.5cm,칸,,NORMAL,2583,836995866695445413,,2026-04-28T16:02:45.271345400Z
462,SUCCESS,,PM578N-15,칸,,NORMAL,2584,836995866779330595,,2026-04-28T16:02:45.291345300Z
463,SUCCESS,,FSB054-1,칸,,NORMAL,2585,836995866863215608,,2026-04-28T16:02:45.312235200Z
464,SUCCESS,,GL086B,칸,,NORMAL,2586,836995866951297924,,2026-04-28T16:02:45.331506500Z
465,SUCCESS,,GL086N,칸,,NORMAL,2587,836995867030990128,,2026-04-28T16:02:45.350628500Z
466,SUCCESS,,GL086R,칸,,NORMAL,2588,836995867110680674,,2026-04-28T16:02:45.370657300Z
467,SUCCESS,,CK3045B,칸,,NORMAL,2589,836995867194565180,,2026-04-28T16:02:45.391399200Z
468,SUCCESS,,LK9052B,칸,,NORMAL,2590,836995867282646003,,2026-04-28T16:02:45.410630200Z
469,SUCCESS,,NS582L,칸,,NORMAL,2591,836995867362338713,,2026-04-28T16:02:45.430006300Z
470,SUCCESS,,CK3394E,칸,,NORMAL,2592,836995867446225637,,2026-04-28T16:02:45.450514600Z
471,SUCCESS,,FN29-1십자가,칸,,NORMAL,2593,836995867530110055,,2026-04-28T16:02:45.469520200Z
472,SUCCESS,,G042R,칸,,NORMAL,2594,836995867609804168,,2026-04-28T16:02:45.491972300Z
473,SUCCESS,,G042N,칸,,NORMAL,2595,836995867702076461,,2026-04-28T16:02:45.514018900Z
474,SUCCESS,,R3E,칸,,NORMAL,2596,836995867798545102,,2026-04-28T16:02:45.535019Z
475,SUCCESS,,R3P,칸,,NORMAL,2597,836995867886625129,,2026-04-28T16:02:45.558530900Z
476,SUCCESS,,R3메인링만,칸,,NORMAL,2598,836995867983093923,,2026-04-28T16:02:45.577531Z
477,SUCCESS,,RC1113R,칸,,NORMAL,2599,836995868062787948,,2026-04-28T16:02:45.597531100Z
478,SUCCESS,,RC1113N,칸,,NORMAL,2600,836995868146671876,,2026-04-28T16:02:45.616531100Z
479,SUCCESS,,RC1113E,칸,,NORMAL,2601,836995868226365301,,2026-04-28T16:02:45.636531100Z
480,SUCCESS,,GL089B,칸,,NORMAL,2602,836995868310252455,,2026-04-28T16:02:45.655536600Z
481,SUCCESS,,PP250E,칸,,NORMAL,2603,836995868394135591,,2026-04-28T16:02:45.676537300Z
482,SUCCESS,,SM096P,칸,,NORMAL,2604,836995868478024679,,2026-04-28T16:02:45.696536600Z
483,SUCCESS,,T7599E,칸,,NORMAL,2605,836995868561910278,,2026-04-28T16:02:45.716536600Z
484,SUCCESS,,CK3411E,칸,,NORMAL,2606,836995868645796077,,2026-04-28T16:02:45.737186300Z
485,SUCCESS,,YF0263E,칸,,NORMAL,2607,836995868733877123,,2026-04-28T16:02:45.757852400Z
486,SUCCESS,,GK154E,칸,,NORMAL,2608,836995868817762535,,2026-04-28T16:02:45.778852400Z
487,SUCCESS,,CK3319E원터치,칸,,NORMAL,2609,836995868905841081,,2026-04-28T16:02:45.798852400Z
488,SUCCESS,,MK057B,칸,,NORMAL,2610,836995868989726959,,2026-04-28T16:02:45.820852500Z
489,SUCCESS,,MK057N,칸,,NORMAL,2611,836995869082005385,,2026-04-28T16:02:45.840852400Z
490,SUCCESS,,MC1340B,칸,,NORMAL,2612,836995869165888370,,2026-04-28T16:02:45.860570100Z
491,SUCCESS,,MC1340E,칸,,NORMAL,2613,836995869249774807,,2026-04-28T16:02:45.879570200Z
492,SUCCESS,,MC1340N,칸,,NORMAL,2614,836995869333662862,,2026-04-28T16:02:45.900577800Z
493,SUCCESS,,MC1340R,칸,,NORMAL,2615,836995869417548318,,2026-04-28T16:02:45.921577700Z
494,SUCCESS,,FSN107,칸,,NORMAL,2616,836995869505629317,,2026-04-28T16:02:45.941577600Z
495,SUCCESS,,라S0383L,칸,,NORMAL,2617,836995869589512742,,2026-04-28T16:02:45.961577800Z
496,SUCCESS,,라S0383S,칸,,NORMAL,2618,836995869673400178,,2026-04-28T16:02:45.981577700Z
497,SUCCESS,,GK195B,칸,,NORMAL,2619,836995869757287163,,2026-04-28T16:02:46.001578300Z
498,SUCCESS,,PP426-1L,칸,,NORMAL,2620,836995869841173452,,2026-04-28T16:02:46.021577800Z
499,SUCCESS,,PP426-1L,칸,,NORMAL,2621,836995869925059908,,2026-04-28T16:02:46.040578Z
500,SUCCESS,,FSB267-2N줄(안메움),칸,,NORMAL,2622,836995870008945817,,2026-04-28T16:02:46.061577900Z
501,SUCCESS,,FN20,칸,,NORMAL,2623,836995876468174735,,2026-04-28T16:02:47.602016700Z
502,SUCCESS,,BG1602N,칸,,NORMAL,2624,836995876556252532,,2026-04-28T16:02:47.625129700Z
503,SUCCESS,,FN27-Q1줄N,칸,,NORMAL,2625,836995876656917437,,2026-04-28T16:02:47.645051Z
504,SUCCESS,,GK145N,칸,,NORMAL,2626,836995876736606535,,2026-04-28T16:02:47.667050600Z
505,SUCCESS,,FN15-공1줄N,칸,,NORMAL,2627,836995876828881688,,2026-04-28T16:02:47.687050100Z
506,SUCCESS,,T7561N,칸,,NORMAL,2628,836995876912770574,,2026-04-28T16:02:47.708050100Z
507,SUCCESS,,T7561N,칸,,NORMAL,2629,836995877000848619,,2026-04-28T16:02:47.729050200Z
508,SUCCESS,,T7529M-S,칸,,NORMAL,2630,836995877088928802,,2026-04-28T16:02:47.749579600Z
509,SUCCESS,,GO6107B,칸,,NORMAL,2631,836995877172817462,,2026-04-28T16:02:47.770579600Z
510,SUCCESS,,T7533N,칸,,NORMAL,2632,836995877260898090,,2026-04-28T16:02:47.790580400Z
511,SUCCESS,,FN19-1,칸,,NORMAL,2633,836995877348975702,,2026-04-28T16:02:47.810580900Z
512,SUCCESS,,T7533B,칸,,NORMAL,2634,836995877432863908,,2026-04-28T16:02:47.831580600Z
513,SUCCESS,,T7532R,칸,,NORMAL,2635,836995877520941426,,2026-04-28T16:02:47.852641200Z
514,SUCCESS,,CK3113R,칸,,NORMAL,2636,836995877604829052,,2026-04-28T16:02:47.873590700Z
515,SUCCESS,,FSGP1039B,칸,,NORMAL,2637,836995877692909325,,2026-04-28T16:02:47.898173100Z
516,SUCCESS,,KL31B-4,칸,,NORMAL,2638,836995877797765875,,2026-04-28T16:02:47.918681400Z
517,SUCCESS,,PP250M,칸,,NORMAL,2639,836995877881653075,,2026-04-28T16:02:47.940682900Z
518,SUCCESS,,CK3294E,칸,,NORMAL,2640,836995877973926358,,2026-04-28T16:02:47.961681200Z
519,SUCCESS,,CK3294N,칸,,NORMAL,2641,836995878062010360,,2026-04-28T16:02:47.982681800Z
520,SUCCESS,,CK3294R,칸,,NORMAL,2642,836995878150088809,,2026-04-28T16:02:48.006681800Z
521,SUCCESS,,CK3382N,칸,,NORMAL,2643,836995878254947422,,2026-04-28T16:02:48.027682700Z
522,SUCCESS,,CK3430N,칸,,NORMAL,2644,836995878343027270,,2026-04-28T16:02:48.049682300Z
523,SUCCESS,,MK1731B,칸,,NORMAL,2645,836995878431105892,,2026-04-28T16:02:48.071681700Z
524,SUCCESS,,MK1731E,칸,,NORMAL,2646,836995878523381861,,2026-04-28T16:02:48.093681600Z
525,SUCCESS,,MK1731R,칸,,NORMAL,2647,836995878615656153,,2026-04-28T16:02:48.113682100Z
526,SUCCESS,,CK3378-1B,칸,,NORMAL,2648,836995878703735532,,2026-04-28T16:02:48.135683Z
527,SUCCESS,,CK3346-1B,칸,,NORMAL,2649,836995878791816159,,2026-04-28T16:02:48.157681600Z
528,SUCCESS,,LP2249E,칸,,NORMAL,2650,836995878884093029,,2026-04-28T16:02:48.178681500Z
529,SUCCESS,,LP2249P,칸,,NORMAL,2651,836995878972172756,,2026-04-28T16:02:48.200681300Z
530,SUCCESS,,LP2249R,칸,,NORMAL,2652,836995879064447326,,2026-04-28T16:02:48.221681500Z
531,SUCCESS,,CK3411B,칸,,NORMAL,2653,836995879156720778,,2026-04-28T16:02:48.243681500Z
532,SUCCESS,,CK3411N,칸,,NORMAL,2654,836995879244802716,,2026-04-28T16:02:48.264682Z
533,SUCCESS,,CK3411R,칸,,NORMAL,2655,836995879332880529,,2026-04-28T16:02:48.285682100Z
534,SUCCESS,,K131R,칸,,NORMAL,2656,836995879425157698,,2026-04-28T16:02:48.306681600Z
535,SUCCESS,,T7532M,칸,,NORMAL,2657,836995879513237224,,2026-04-28T16:02:48.328680800Z
536,SUCCESS,,R3메인링만,칸,,NORMAL,2658,836995879601316534,,2026-04-28T16:02:48.350681700Z
537,SUCCESS,,DA340R,칸,,NORMAL,2659,836995879693593961,,2026-04-28T16:02:48.372682600Z
538,SUCCESS,,CK3394R,칸,,NORMAL,2660,836995879785867925,,2026-04-28T16:02:48.394682Z
539,SUCCESS,,LD1118S,칸,,NORMAL,2661,836995879878139908,,2026-04-28T16:02:48.415682100Z
540,SUCCESS,,LD1118L,칸,,NORMAL,2662,836995879970417934,,2026-04-28T16:02:48.437681600Z
541,SUCCESS,,PP299S,칸,,NORMAL,2663,836995880058494977,,2026-04-28T16:02:48.458681300Z
542,SUCCESS,,PP299L,칸,,NORMAL,2664,836995880146578490,,2026-04-28T16:02:48.480681900Z
543,SUCCESS,,PP319S,칸,,NORMAL,2665,836995880238851062,,2026-04-28T16:02:48.502681300Z
544,SUCCESS,,PP319L,칸,,NORMAL,2666,836995880331125153,,2026-04-28T16:02:48.525682100Z
545,SUCCESS,,LD1119S,칸,,NORMAL,2667,836995880427596616,,2026-04-28T16:02:48.547682Z
546,SUCCESS,,LD1119L,칸,,NORMAL,2668,836995880524066162,,2026-04-28T16:02:48.570681Z
547,SUCCESS,,AA106L,칸,,NORMAL,2669,836995880616340617,,2026-04-28T16:02:48.592682200Z
548,SUCCESS,,LD1114S,칸,,NORMAL,2670,836995880708614949,,2026-04-28T16:02:48.614682200Z
549,SUCCESS,,LD1114L,칸,,NORMAL,2671,836995880800886833,,2026-04-28T16:02:48.637681700Z
550,SUCCESS,,KB845S,칸,,NORMAL,2672,836995880897358078,,2026-04-28T16:02:48.659681100Z
551,SUCCESS,,KB845L,칸,,NORMAL,2673,836995888463881361,,2026-04-28T16:02:50.469988800Z
552,SUCCESS,,AA102L,칸,,NORMAL,2674,836995888581320816,,2026-04-28T16:02:50.492040800Z
553,SUCCESS,,AA102L,칸,,NORMAL,2675,836995888677793303,,2026-04-28T16:02:50.512988900Z
554,SUCCESS,,PP484S,칸,,NORMAL,2676,836995888765873982,,2026-04-28T16:02:50.535988500Z
555,SUCCESS,,PP484L,칸,,NORMAL,2677,836995888858145856,,2026-04-28T16:02:50.558989Z
556,SUCCESS,,DR106S,칸,,NORMAL,2678,836995888958811126,,2026-04-28T16:02:50.584988900Z
557,SUCCESS,,DR106L,칸,,NORMAL,2679,836995889067863203,,2026-04-28T16:02:50.608988500Z
558,SUCCESS,,BSG4L,칸,,NORMAL,2680,836995889164330690,,2026-04-28T16:02:50.633988600Z
559,SUCCESS,,FS796L,칸,,NORMAL,2681,836995889269190323,,2026-04-28T16:02:50.655988800Z
560,SUCCESS,,T7546SQ,칸,,NORMAL,2682,836995889361463044,,2026-04-28T16:02:50.677994200Z
561,SUCCESS,,T7546L,칸,,NORMAL,2683,836995889453738583,,2026-04-28T16:02:50.701994300Z
562,SUCCESS,,KC120S,칸,,NORMAL,2684,836995889554402627,,2026-04-28T16:02:50.723994100Z
563,SUCCESS,,KC120L,칸,,NORMAL,2685,836995889646675966,,2026-04-28T16:02:50.746054800Z
564,SUCCESS,,DR109L,칸,,NORMAL,2686,836995889743146926,,2026-04-28T16:02:50.770054900Z
565,SUCCESS,,DR109S,칸,,NORMAL,2687,836995889843808391,,2026-04-28T16:02:50.794055Z
566,SUCCESS,,JDK047R,칸,,NORMAL,2688,836995889944471666,,2026-04-28T16:02:50.818055100Z
567,SUCCESS,,LP2247R,칸,,NORMAL,2689,836995890045135997,,2026-04-28T16:02:50.841055200Z
568,SUCCESS,,CK3319P(대),칸,,NORMAL,2690,836995890141605749,,2026-04-28T16:02:50.864581600Z
569,SUCCESS,,MW183,칸,,NORMAL,2691,836995890238071016,,2026-04-28T16:02:50.886581600Z
570,SUCCESS,,R12,칸,,NORMAL,2692,836995890330346205,,2026-04-28T16:02:50.909095Z
571,SUCCESS,,R3보조링,칸,,NORMAL,2693,836995890426815087,,2026-04-28T16:02:50.931095500Z
572,SUCCESS,,MA1261R,칸,,NORMAL,2694,836995890523284825,,2026-04-28T16:02:50.955149500Z
573,SUCCESS,,K1241-DR,칸,,NORMAL,2695,836995890619755961,,2026-04-28T16:02:50.979149300Z
574,SUCCESS,,RC124S,칸,,NORMAL,2696,836995890720419443,,2026-04-28T16:02:51.002154Z
575,SUCCESS,,RC177S,칸,,NORMAL,2697,836995890816886665,,2026-04-28T16:02:51.025154100Z
576,SUCCESS,,RC177L,칸,,NORMAL,2698,836995890913354944,,2026-04-28T16:02:51.054154Z
577,SUCCESS,,AA102S,칸,,NORMAL,2699,836995891034991263,,2026-04-28T16:02:51.082154100Z
578,SUCCESS,,AA102L,칸,,NORMAL,2700,836995891152431503,,2026-04-28T16:02:51.104159Z
579,SUCCESS,,FSGP1004B,칸,,NORMAL,2701,836995891244704417,,2026-04-28T16:02:51.126159100Z
580,SUCCESS,,RC175S,칸,,NORMAL,2702,836995891336981014,,2026-04-28T16:02:51.149159Z
581,SUCCESS,,RC175L,칸,,NORMAL,2703,836995891433447583,,2026-04-28T16:02:51.172159200Z
582,SUCCESS,,PP426-1S,칸,,NORMAL,2704,836995891529920443,,2026-04-28T16:02:51.195164300Z
583,SUCCESS,,T7546S민,칸,,NORMAL,2705,836995891626386264,,2026-04-28T16:02:51.218164Z
584,SUCCESS,,KB844L,칸,,NORMAL,2706,836995891722855816,,2026-04-28T16:02:51.242164400Z
585,SUCCESS,,DR108S,칸,,NORMAL,2707,836995891823521615,,2026-04-28T16:02:51.265164Z
586,SUCCESS,,R10보조,칸,,NORMAL,2708,836995891924182268,,2026-04-28T16:02:51.289164100Z
587,SUCCESS,,T7599R,칸,,NORMAL,2709,836995892020652953,,2026-04-28T16:02:51.331867900Z
588,SUCCESS,,K85S쌍,칸,,NORMAL,2710,836995892196811769,,2026-04-28T16:02:51.354867900Z
589,SUCCESS,,K85L,칸,,NORMAL,2711,836995892293282347,,2026-04-28T16:02:51.377868Z
590,SUCCESS,,SK351,칸,,NORMAL,2712,836995892389750420,,2026-04-28T16:02:51.400868100Z
591,SUCCESS,,SK356,칸,,NORMAL,2713,836995892486220189,,2026-04-28T16:02:51.425868Z
592,SUCCESS,,SK350,칸,,NORMAL,2714,836995892591076654,,2026-04-28T16:02:51.448868Z
593,SUCCESS,,SM175R,칸,,NORMAL,2715,836995892687548358,,2026-04-28T16:02:51.472868100Z
594,SUCCESS,,DR107L,칸,,NORMAL,2716,836995892792402916,,2026-04-28T16:02:51.498867900Z
595,SUCCESS,,RC9121S,칸,,NORMAL,2717,836995892897260285,,2026-04-28T16:02:51.522254100Z
596,SUCCESS,,RC9121L,칸,,NORMAL,2718,836995893002118191,,2026-04-28T16:02:51.545254400Z
597,SUCCESS,,NC131,칸,,NORMAL,2719,836995893094391944,,2026-04-28T16:02:51.568254200Z
598,SUCCESS,,GK183R,칸,,NORMAL,2720,836995893195057403,,2026-04-28T16:02:51.591254100Z
599,SUCCESS,,NC187,칸,,NORMAL,2721,836995893291524140,,2026-04-28T16:02:51.617254100Z
600,SUCCESS,,DR110S,칸,,NORMAL,2722,836995893396383043,,2026-04-28T16:02:51.642254300Z
601,SUCCESS,,DR110L,칸,,NORMAL,2723,836995900568644570,,2026-04-28T16:02:53.358279800Z
602,SUCCESS,,DR009S,칸,,NORMAL,2724,836995900698667277,,2026-04-28T16:02:53.383319300Z
603,SUCCESS,,DR009L,칸,,NORMAL,2725,836995900803526623,,2026-04-28T16:02:53.410279600Z
604,SUCCESS,,RC365S,칸,,NORMAL,2726,836995900916771562,,2026-04-28T16:02:53.435279900Z
605,SUCCESS,,RC365L,칸,,NORMAL,2727,836995901021629073,,2026-04-28T16:02:53.459279700Z
606,SUCCESS,,RC365L,칸,,NORMAL,2728,836995901122292318,,2026-04-28T16:02:53.483279600Z
607,SUCCESS,,AG033S,칸,,NORMAL,2729,836995901222956720,,2026-04-28T16:02:53.508594300Z
608,SUCCESS,,AG033L,칸,,NORMAL,2730,836995901327814403,,2026-04-28T16:02:53.532341900Z
609,SUCCESS,,KD115S,칸,,NORMAL,2731,836995901428475087,,2026-04-28T16:02:53.555342Z
610,SUCCESS,,KD115L,칸,,NORMAL,2732,836995901524945911,,2026-04-28T16:02:53.579342500Z
611,SUCCESS,,MW192,칸,,NORMAL,2733,836995901625609906,,2026-04-28T16:02:53.602342200Z
612,SUCCESS,,신1524-1R,칸,,NORMAL,2734,836995901722076957,,2026-04-28T16:02:53.626343300Z
613,SUCCESS,,DA361L,칸,,NORMAL,2735,836995901826934497,,2026-04-28T16:02:53.651342200Z
614,SUCCESS,,RC365L,칸,,NORMAL,2736,836995901927597970,,2026-04-28T16:02:53.676342500Z
615,SUCCESS,,RC365L,칸,,NORMAL,2737,836995902032454782,,2026-04-28T16:02:53.701342Z
616,SUCCESS,,RC365S,칸,,NORMAL,2738,836995902137312953,,2026-04-28T16:02:53.726341900Z
617,SUCCESS,,K85L,칸,,NORMAL,2739,836995902242170900,,2026-04-28T16:02:53.749767600Z
618,SUCCESS,,MK1545-QR,칸,,NORMAL,2740,836995902338639046,,2026-04-28T16:02:53.773768500Z
619,SUCCESS,,DR107L,칸,,NORMAL,2741,836995902443495639,,2026-04-28T16:02:53.797768Z
620,SUCCESS,,DR107S,칸,,NORMAL,2742,836995902539965838,,2026-04-28T16:02:53.821833Z
621,SUCCESS,,DR106S,칸,,NORMAL,2743,836995902644825731,,2026-04-28T16:02:53.846767600Z
622,SUCCESS,,DR106L,칸,,NORMAL,2744,836995902745488402,,2026-04-28T16:02:53.871498400Z
623,SUCCESS,,KD121S,칸,,NORMAL,2745,836995902850343735,,2026-04-28T16:02:53.895498400Z
624,SUCCESS,,K118L,칸,,NORMAL,2746,836995902951009819,,2026-04-28T16:02:53.921050100Z
625,SUCCESS,,BSG17S,칸,,NORMAL,2747,836995903060058173,,2026-04-28T16:02:53.946050300Z
626,SUCCESS,,나사6R,칸,,NORMAL,2748,836995903164917403,,2026-04-28T16:02:53.971050300Z
627,SUCCESS,,나사6R,칸,,NORMAL,2749,836995903269775968,,2026-04-28T16:02:53.995052200Z
628,SUCCESS,,RC9121S,칸,,NORMAL,2750,836995903370439949,,2026-04-28T16:02:54.019050500Z
629,SUCCESS,,RC9121L,칸,,NORMAL,2751,836995903471100268,,2026-04-28T16:02:54.044051300Z
630,SUCCESS,,WR54L,칸,,NORMAL,2752,836995903575959690,,2026-04-28T16:02:54.069050600Z
631,SUCCESS,,WR54S,칸,,NORMAL,2753,836995903680817599,,2026-04-28T16:02:54.098052600Z
632,SUCCESS,,RC107L,칸,,NORMAL,2754,836995903802450003,,2026-04-28T16:02:54.125671700Z
633,SUCCESS,,RC107S,칸,,NORMAL,2755,836995903919891060,,2026-04-28T16:02:54.153156100Z
634,SUCCESS,,RC174L,칸,,NORMAL,2756,836995904033138793,,2026-04-28T16:02:54.178767400Z
635,SUCCESS,,RC174S,칸,,NORMAL,2757,836995904142190033,,2026-04-28T16:02:54.203984700Z
636,SUCCESS,,N9304L,칸,,NORMAL,2758,836995904247047102,,2026-04-28T16:02:54.233880700Z
637,SUCCESS,,N9304S,칸,,NORMAL,2759,836995904372877663,,2026-04-28T16:02:54.258735600Z
638,SUCCESS,,MK1505R,칸,,NORMAL,2760,836995904473541641,,2026-04-28T16:02:54.282734600Z
639,SUCCESS,,M20R-컷팅,칸,,NORMAL,2761,836995904574203118,,2026-04-28T16:02:54.307735500Z
640,SUCCESS,,R12,칸,,NORMAL,2762,836995904679060694,,2026-04-28T16:02:54.333735100Z
641,SUCCESS,,WR57S,칸,,NORMAL,2763,836995904788112552,,2026-04-28T16:02:54.358734800Z
642,SUCCESS,,WR57L,칸,,NORMAL,2764,836995904892970171,,2026-04-28T16:02:54.383734700Z
643,SUCCESS,,신404-1,칸,,NORMAL,2765,836995905002023911,,2026-04-28T16:02:54.409734300Z
644,SUCCESS,,M329L,칸,,NORMAL,2766,836995905106881523,,2026-04-28T16:02:54.434381Z
645,SUCCESS,,M329S,칸,,NORMAL,2767,836995905211738605,,2026-04-28T16:02:54.458380300Z
646,SUCCESS,,M329S,칸,,NORMAL,2768,836995905316596080,,2026-04-28T16:02:54.483380100Z
647,SUCCESS,,T7554R,칸,,NORMAL,2769,836995905417257629,,2026-04-28T16:02:54.508380100Z
648,SUCCESS,,KL25,칸,,NORMAL,2770,836995905522118032,,2026-04-28T16:02:54.534380Z
649,SUCCESS,,M1107S,칸,,NORMAL,2771,836995905631170503,,2026-04-28T16:02:54.559379900Z
650,SUCCESS,,LP2593N,칸,,NORMAL,2772,836995905736025530,,2026-04-28T16:02:54.584381100Z
651,SUCCESS,,라A2582B,칸,,NORMAL,2773,836995915953349976,,2026-04-28T16:02:57.027323800Z
652,SUCCESS,,FSGP581S,칸,,NORMAL,2774,836995916091764135,,2026-04-28T16:02:57.056322800Z
653,SUCCESS,,FSGP581L,칸,,NORMAL,2775,836995916209205143,,2026-04-28T16:02:57.084322900Z
654,SUCCESS,,GF561-RL,칸,,NORMAL,2776,836995916326642171,,2026-04-28T16:02:57.109322600Z
655,SUCCESS,,M11-1CM,칸,,NORMAL,2777,836995916431499454,,2026-04-28T16:02:57.135322500Z
656,SUCCESS,,MK1306B-주물,칸,,NORMAL,2778,836995916540552922,,2026-04-28T16:02:57.159322600Z
657,SUCCESS,,M11-1CM,칸,,NORMAL,2779,836995916641216196,,2026-04-28T16:02:57.183322600Z
658,SUCCESS,,LP2231,칸,,NORMAL,2780,836995916741881832,,2026-04-28T16:02:57.211328Z
659,SUCCESS,,DA472B,칸,,NORMAL,2781,836995916859322005,,2026-04-28T16:02:57.237836800Z
660,SUCCESS,,LP2500R,칸,,NORMAL,2782,836995916968372411,,2026-04-28T16:02:57.266836800Z
661,SUCCESS,,LP2500N,칸,,NORMAL,2783,836995917090006262,,2026-04-28T16:02:57.293836900Z
662,SUCCESS,,LP2500E변,칸,,NORMAL,2784,836995917203254932,,2026-04-28T16:02:57.318345Z
663,SUCCESS,,LP2503R,칸,,NORMAL,2785,836995917308111722,,2026-04-28T16:02:57.344344900Z
664,SUCCESS,,LP2501R,칸,,NORMAL,2786,836995917417162275,,2026-04-28T16:02:57.370345Z
665,SUCCESS,,나사5R,칸,,NORMAL,2787,836995917526213180,,2026-04-28T16:02:57.396344800Z
666,SUCCESS,,CK3319E원터치,칸,,NORMAL,2788,836995917635268334,,2026-04-28T16:02:57.424351700Z
667,SUCCESS,,DA502E,칸,,NORMAL,2789,836995917752705317,,2026-04-28T16:02:57.450351100Z
668,SUCCESS,,PM682P,칸,,NORMAL,2790,836995917861759901,,2026-04-28T16:02:57.477351200Z
669,SUCCESS,,T-5-함량X,칸,,NORMAL,2791,836995917975006928,,2026-04-28T16:02:57.503272200Z
670,SUCCESS,,LP2411N,칸,,NORMAL,2792,836995918084058317,,2026-04-28T16:02:57.530649200Z
671,SUCCESS,,라A2409E,칸,,NORMAL,2793,836995918197302912,,2026-04-28T16:02:57.557647400Z
672,SUCCESS,,LK9017L,칸,,NORMAL,2794,836995918310550368,,2026-04-28T16:02:57.583647400Z
673,SUCCESS,,DA472E,칸,,NORMAL,2795,836995918423794030,,2026-04-28T16:02:57.609535300Z
674,SUCCESS,,DA472R,칸,,NORMAL,2796,836995918528653442,,2026-04-28T16:02:57.636535100Z
675,SUCCESS,,A1752B,칸,,NORMAL,2797,836995918641901017,,2026-04-28T16:02:57.663535Z
676,SUCCESS,,A1752E,칸,,NORMAL,2798,836995918755146317,,2026-04-28T16:02:57.689535100Z
677,SUCCESS,,A1752P,칸,,NORMAL,2799,836995918864195859,,2026-04-28T16:02:57.716535200Z
678,SUCCESS,,A1752R,칸,,NORMAL,2800,836995918977443785,,2026-04-28T16:02:57.744535100Z
679,SUCCESS,,SK367,칸,,NORMAL,2801,836995919094883538,,2026-04-28T16:02:57.771644900Z
680,SUCCESS,,GL089R,칸,,NORMAL,2802,836995919212322928,,2026-04-28T16:02:57.799645900Z
681,SUCCESS,,JM204B,칸,,NORMAL,2803,836995919329764811,,2026-04-28T16:02:57.826650200Z
682,SUCCESS,,MK1504B,칸,,NORMAL,2804,836995919438818335,,2026-04-28T16:02:57.854332100Z
683,SUCCESS,,HY876N,칸,,NORMAL,2805,836995919556258276,,2026-04-28T16:02:57.881332300Z
684,SUCCESS,,CK3226N,칸,,NORMAL,2806,836995919673696256,,2026-04-28T16:02:57.909382400Z
685,SUCCESS,,CK3226E,칸,,NORMAL,2807,836995919786945502,,2026-04-28T16:02:57.937382400Z
686,SUCCESS,,CK3226R,칸,,NORMAL,2808,836995919904385763,,2026-04-28T16:02:57.963382600Z
687,SUCCESS,,CK3226B,칸,,NORMAL,2809,836995920017632448,,2026-04-28T16:02:57.990382400Z
688,SUCCESS,,JD1021BS-Q,칸,,NORMAL,2810,836995920126681718,,2026-04-28T16:02:58.017382500Z
689,SUCCESS,,ST14E,칸,,NORMAL,2811,836995920239930223,,2026-04-28T16:02:58.043382600Z
690,SUCCESS,,ST14N,칸,,NORMAL,2812,836995920353174301,,2026-04-28T16:02:58.070382500Z
691,SUCCESS,,HY876B,칸,,NORMAL,2813,836995920462229323,,2026-04-28T16:02:58.098382400Z
692,SUCCESS,,HY876E,칸,,NORMAL,2814,836995920579668393,,2026-04-28T16:02:58.127382400Z
693,SUCCESS,,HY876R,칸,,NORMAL,2815,836995920701301360,,2026-04-28T16:02:58.154382700Z
694,SUCCESS,,T7596B,칸,,NORMAL,2816,836995920818742337,,2026-04-28T16:02:58.184382400Z
695,SUCCESS,,T7596E,칸,,NORMAL,2817,836995920940379460,,2026-04-28T16:02:58.210382600Z
696,SUCCESS,,T7596N,칸,,NORMAL,2818,836995921049430360,,2026-04-28T16:02:58.239382500Z
697,SUCCESS,,T7596R,칸,,NORMAL,2819,836995921171064413,,2026-04-28T16:02:58.266382600Z
698,SUCCESS,,T7596R,칸,,NORMAL,2820,836995921284311310,,2026-04-28T16:02:58.294382400Z
699,SUCCESS,,T7642B,칸,,NORMAL,2821,836995921401749654,,2026-04-28T16:02:58.322382400Z
700,SUCCESS,,T7642E,칸,,NORMAL,2822,836995921519190759,,2026-04-28T16:02:58.350382400Z
701,SUCCESS,,T7642N,칸,,NORMAL,2823,836995928381071755,,2026-04-28T16:02:59.988217300Z
702,SUCCESS,,T7642R,칸,,NORMAL,2824,836995928506900656,,2026-04-28T16:03:00.020217200Z
703,SUCCESS,,K89S,칸,,NORMAL,2825,836995928641120214,,2026-04-28T16:03:00.048218900Z
704,SUCCESS,,K89L,칸,,NORMAL,2826,836995928758562386,,2026-04-28T16:03:00.077217300Z
705,SUCCESS,,KC112L,칸,,NORMAL,2827,836995928880194364,,2026-04-28T16:03:00.106215800Z
706,SUCCESS,,T7642E,칸,,NORMAL,2828,836995929006024002,,2026-04-28T16:03:00.140217200Z
707,SUCCESS,,CK3382R,칸,,NORMAL,2829,836995929144434744,,2026-04-28T16:03:00.170216200Z
708,SUCCESS,,FS796L,칸,,NORMAL,2830,836995929270264782,,2026-04-28T16:03:00.200216200Z
